               epoch,      train/box_loss,      train/obj_loss,      train/cls_loss,   metrics/precision,      metrics/recall,     metrics/mAP_0.5,metrics/mAP_0.5:0.95,        val/box_loss,        val/obj_loss,        val/cls_loss,               x/lr0,               x/lr1,               x/lr2
                   0,             0.11852,            0.030308,                   0,           0.0011111,             0.16667,           0.0012857,          0.00059995,            0.088656,            0.026242,                   0,              0.0991,              0.0001,              0.0001
                   1,             0.11845,             0.02914,                   0,           0.0011111,             0.16667,           0.0013472,          0.00062453,            0.087869,             0.02596,                   0,            0.097299,          0.00029851,          0.00029851
                   2,             0.12314,            0.030411,                   0,           0.0022222,             0.33333,           0.0026942,          0.00093429,            0.085968,            0.025593,                   0,            0.095495,          0.00049505,          0.00049505
                   3,             0.12377,            0.029473,                   0,           0.0022222,             0.33333,           0.0029637,          0.00094969,            0.083398,            0.025068,                   0,             0.09369,           0.0006896,           0.0006896
                   4,              0.1238,            0.029047,                   0,           0.0022222,             0.33333,           0.0041374,            0.001594,            0.079578,            0.024575,                   0,            0.091882,          0.00088218,          0.00088218
                   5,             0.11485,            0.028321,                   0,           0.0035175,                 0.5,            0.016195,           0.0051398,            0.072739,            0.024482,                   0,            0.090073,           0.0010728,           0.0010728
                   6,            0.099676,            0.032755,                   0,           0.0035893,                 0.5,            0.021454,           0.0093975,            0.066398,            0.024138,                   0,            0.088261,           0.0012614,           0.0012614
                   7,            0.083026,            0.028872,                   0,            0.051507,                 0.5,             0.19975,             0.06851,            0.059279,            0.023802,                   0,            0.086448,            0.001448,            0.001448
                   8,            0.071562,            0.026914,                   0,            0.083664,             0.66667,              0.1411,            0.049087,            0.053917,            0.023691,                   0,            0.084633,           0.0016327,           0.0016327
                   9,            0.072443,            0.024753,                   0,             0.10914,                 0.5,             0.15355,            0.051361,            0.050728,            0.023358,                   0,            0.082815,           0.0018154,           0.0018154
                  10,            0.099119,            0.027315,                   0,             0.16956,             0.33333,             0.17421,            0.056679,            0.049187,            0.023038,                   0,            0.080996,            0.001996,            0.001996
                  11,            0.081168,            0.029506,                   0,             0.29795,             0.33333,             0.21406,            0.076284,            0.046711,            0.022728,                   0,            0.079175,           0.0021748,           0.0021748
                  12,            0.081346,            0.029633,                   0,             0.45351,             0.33333,             0.27014,             0.09797,            0.043949,            0.022273,                   0,            0.077352,           0.0023515,           0.0023515
                  13,             0.08673,            0.028179,                   0,             0.43931,             0.33333,             0.29029,            0.098541,            0.041101,            0.021968,                   0,            0.075526,           0.0025263,           0.0025263
                  14,             0.07577,             0.03232,                   0,             0.39001,             0.33333,             0.27852,             0.10928,            0.040043,            0.021433,                   0,            0.073699,            0.002699,            0.002699
                  15,            0.080682,            0.027799,                   0,              0.3505,             0.33333,             0.32827,             0.14261,            0.040109,            0.020701,                   0,             0.07187,           0.0028698,           0.0028698
                  16,             0.07107,            0.028319,                   0,             0.44063,             0.33333,             0.44076,             0.20191,            0.039169,            0.020212,                   0,            0.070039,           0.0030386,           0.0030386
                  17,            0.053947,            0.024935,                   0,             0.59086,             0.48477,             0.50812,             0.25281,            0.042401,            0.019354,                   0,            0.068205,           0.0032055,           0.0032055
                  18,            0.048903,            0.021442,                   0,             0.76288,             0.54292,             0.70919,              0.2633,            0.036789,            0.019242,                   0,             0.06637,           0.0033703,           0.0033703
                  19,             0.05371,            0.024737,                   0,              0.7571,             0.52365,               0.763,             0.38016,            0.038065,            0.018354,                   0,            0.064533,           0.0035332,           0.0035332
                  20,            0.064382,            0.032366,                   0,             0.76145,             0.53816,                0.78,             0.35012,            0.036215,            0.018263,                   0,            0.062694,           0.0036941,           0.0036941
                  21,            0.056764,            0.024763,                   0,             0.47677,             0.91484,             0.63611,             0.27318,            0.040577,            0.017404,                   0,            0.060853,            0.003853,            0.003853
                  22,            0.054119,            0.026198,                   0,             0.55874,             0.84529,             0.79386,             0.35856,             0.03568,              0.0175,                   0,             0.05901,           0.0040099,           0.0040099
                  23,            0.050748,            0.023632,                   0,             0.58818,             0.95567,               0.753,             0.28964,            0.036719,            0.017013,                   0,            0.057165,           0.0041649,           0.0041649
                  24,            0.056796,            0.024347,                   0,             0.69703,             0.66667,             0.71084,              0.3671,            0.036925,            0.016657,                   0,            0.055318,           0.0043179,           0.0043179
                  25,            0.054587,            0.019441,                   0,             0.70616,             0.80489,             0.77214,             0.31527,            0.038289,            0.016489,                   0,            0.053469,           0.0044689,           0.0044689
                  26,            0.050382,            0.019776,                   0,             0.62802,             0.66667,             0.69647,             0.34391,            0.033455,            0.016386,                   0,            0.051618,           0.0046179,           0.0046179
                  27,            0.060291,            0.021825,                   0,             0.62802,             0.66667,             0.69647,             0.34391,            0.033455,            0.016386,                   0,            0.049765,           0.0047649,           0.0047649
                  28,            0.036207,             0.01611,                   0,             0.60985,             0.66667,             0.64722,             0.30281,            0.041099,            0.015589,                   0,             0.04791,             0.00491,             0.00491
                  29,            0.057799,            0.017828,                   0,             0.55145,             0.83333,              0.6955,             0.26158,            0.035875,            0.016169,                   0,            0.046053,           0.0050531,           0.0050531
                  30,            0.069763,            0.017343,                   0,             0.55145,             0.83333,              0.6955,             0.26158,            0.035875,            0.016169,                   0,            0.044194,           0.0051941,           0.0051941
                  31,            0.055291,            0.015743,                   0,              0.3729,             0.66667,             0.54155,             0.26446,            0.045612,            0.014873,                   0,            0.042333,           0.0053333,           0.0053333
                  32,            0.064307,            0.021949,                   0,             0.33319,             0.83285,             0.47067,             0.19639,            0.041858,            0.014597,                   0,             0.04047,           0.0054704,           0.0054704
                  33,            0.060664,            0.020472,                   0,             0.33319,             0.83285,             0.47067,             0.19639,            0.041858,            0.014597,                   0,            0.038606,           0.0056056,           0.0056056
                  34,             0.05974,            0.023666,                   0,             0.61253,             0.66667,             0.79372,             0.34235,            0.034181,            0.013708,                   0,            0.036739,           0.0057387,           0.0057387
                  35,            0.054102,            0.017983,                   0,             0.60492,             0.66667,             0.62233,            0.090047,            0.044155,            0.013398,                   0,             0.03487,           0.0058699,           0.0058699
                  36,             0.05062,             0.01515,                   0,             0.60492,             0.66667,             0.62233,            0.090047,            0.044155,            0.013398,                   0,            0.032999,           0.0059991,           0.0059991
                  37,            0.069083,            0.016586,                   0,             0.56556,                 0.5,             0.52243,             0.21709,            0.038272,            0.012536,                   0,            0.031126,           0.0061264,           0.0061264
                  38,            0.046341,             0.02035,                   0,             0.95289,             0.66667,             0.72729,             0.29482,             0.03674,            0.011608,                   0,            0.029252,           0.0062516,           0.0062516
                  39,            0.068911,            0.016905,                   0,             0.95289,             0.66667,             0.72729,             0.29482,             0.03674,            0.011608,                   0,            0.027375,           0.0063749,           0.0063749
                  40,             0.05097,            0.020877,                   0,             0.58464,                 0.5,             0.52768,             0.20134,            0.036414,            0.011163,                   0,            0.025496,           0.0064962,           0.0064962
                  41,            0.041669,             0.01875,                   0,             0.97171,             0.66667,             0.78227,             0.24278,            0.038984,            0.011432,                   0,            0.023616,           0.0066155,           0.0066155
                  42,            0.065832,            0.018488,                   0,             0.97171,             0.66667,             0.78227,             0.24278,            0.038984,            0.011432,                   0,            0.021733,           0.0067329,           0.0067329
                  43,            0.064614,            0.015821,                   0,             0.65128,             0.66667,             0.57533,             0.22942,            0.038231,            0.010079,                   0,            0.019848,           0.0068482,           0.0068482
                  44,            0.067675,            0.016247,                   0,             0.65128,             0.66667,             0.57533,             0.22942,            0.038231,            0.010079,                   0,            0.017962,           0.0069616,           0.0069616
                  45,             0.05365,            0.016215,                   0,             0.93511,             0.66667,             0.83443,             0.38604,            0.026044,           0.0096531,                   0,            0.016073,            0.007073,            0.007073
                  46,            0.051167,            0.013783,                   0,             0.93511,             0.66667,             0.83443,             0.38604,            0.026044,           0.0096531,                   0,            0.014182,           0.0071824,           0.0071824
                  47,            0.041569,            0.015384,                   0,             0.60535,             0.83333,              0.7953,             0.43227,            0.028857,           0.0087104,                   0,             0.01229,           0.0072898,           0.0072898
                  48,            0.048293,            0.015943,                   0,             0.60535,             0.83333,              0.7953,             0.43227,            0.028857,           0.0087104,                   0,            0.010395,           0.0073953,           0.0073953
                  49,            0.046966,            0.019348,                   0,              0.6517,             0.83333,             0.77626,             0.38902,            0.046178,           0.0074829,                   0,           0.0084988,           0.0074988,           0.0074988
                  50,              0.0569,            0.014606,                   0,              0.6517,             0.83333,             0.77626,             0.38902,            0.046178,           0.0074829,                   0,            0.007525,            0.007525,            0.007525
                  51,            0.060164,            0.022498,                   0,             0.65979,             0.83333,             0.79119,             0.25838,            0.042909,           0.0074118,                   0,            0.007525,            0.007525,            0.007525
                  52,            0.054152,            0.016608,                   0,             0.65979,             0.83333,             0.79119,             0.25838,            0.042909,           0.0074118,                   0,           0.0074755,           0.0074755,           0.0074755
                  53,             0.05782,            0.011751,                   0,             0.67295,             0.66667,             0.73125,             0.45681,            0.039433,           0.0071164,                   0,            0.007426,            0.007426,            0.007426
                  54,            0.056659,            0.015356,                   0,             0.67295,             0.66667,             0.73125,             0.45681,            0.039433,           0.0071164,                   0,           0.0073765,           0.0073765,           0.0073765
                  55,            0.055956,            0.011748,                   0,             0.82837,              0.8085,             0.81061,             0.47104,            0.035315,           0.0066573,                   0,            0.007327,            0.007327,            0.007327
                  56,            0.039857,            0.013998,                   0,             0.82837,              0.8085,             0.81061,             0.47104,            0.035315,           0.0066573,                   0,           0.0072775,           0.0072775,           0.0072775
                  57,             0.04013,            0.012803,                   0,             0.70724,             0.80867,             0.76027,             0.37611,            0.035019,           0.0067217,                   0,            0.007228,            0.007228,            0.007228
                  58,            0.057541,            0.019764,                   0,             0.70724,             0.80867,             0.76027,             0.37611,            0.035019,           0.0067217,                   0,           0.0071785,           0.0071785,           0.0071785
                  59,            0.055902,            0.014247,                   0,             0.78032,             0.83333,             0.91333,             0.53469,            0.027118,           0.0059507,                   0,            0.007129,            0.007129,            0.007129
                  60,            0.049225,             0.01543,                   0,             0.78032,             0.83333,             0.91333,             0.53469,            0.027118,           0.0059507,                   0,           0.0070795,           0.0070795,           0.0070795
                  61,            0.049346,            0.016682,                   0,             0.81044,             0.83333,             0.91333,             0.61848,            0.026725,           0.0059412,                   0,             0.00703,             0.00703,             0.00703
                  62,            0.033909,            0.012596,                   0,             0.81044,             0.83333,             0.91333,             0.61848,            0.026725,           0.0059412,                   0,           0.0069805,           0.0069805,           0.0069805
                  63,            0.050336,            0.020182,                   0,             0.77989,             0.83333,             0.92667,             0.53089,            0.025178,           0.0056068,                   0,            0.006931,            0.006931,            0.006931
                  64,            0.037235,            0.014042,                   0,             0.77989,             0.83333,             0.92667,             0.53089,            0.025178,           0.0056068,                   0,           0.0068815,           0.0068815,           0.0068815
                  65,            0.036479,            0.010943,                   0,             0.91527,             0.66667,             0.86725,             0.54278,            0.026532,            0.005353,                   0,            0.006832,            0.006832,            0.006832
                  66,            0.031279,            0.011475,                   0,             0.91527,             0.66667,             0.86725,             0.54278,            0.026532,            0.005353,                   0,           0.0067825,           0.0067825,           0.0067825
                  67,            0.046749,             0.01698,                   0,             0.59052,                   1,               0.885,             0.40934,            0.026572,           0.0055902,                   0,            0.006733,            0.006733,            0.006733
                  68,            0.057083,            0.011817,                   0,             0.59052,                   1,               0.885,             0.40934,            0.026572,           0.0055902,                   0,           0.0066835,           0.0066835,           0.0066835
                  69,            0.043539,            0.011223,                   0,             0.88889,             0.66667,                0.83,             0.42879,            0.042849,           0.0047983,                   0,            0.006634,            0.006634,            0.006634
                  70,            0.038828,            0.010917,                   0,             0.88889,             0.66667,                0.83,             0.42879,            0.042849,           0.0047983,                   0,           0.0065845,           0.0065845,           0.0065845
                  71,            0.052686,             0.01195,                   0,             0.90714,             0.66667,                0.83,             0.49615,            0.031853,           0.0048149,                   0,            0.006535,            0.006535,            0.006535
                  72,            0.052149,             0.01711,                   0,             0.90714,             0.66667,                0.83,             0.49615,            0.031853,           0.0048149,                   0,           0.0064855,           0.0064855,           0.0064855
                  73,            0.047897,            0.014066,                   0,              0.8426,                   1,             0.97214,             0.47082,            0.023591,           0.0049889,                   0,            0.006436,            0.006436,            0.006436
                  74,            0.057317,            0.013754,                   0,              0.8426,                   1,             0.97214,             0.47082,            0.023591,           0.0049889,                   0,           0.0063865,           0.0063865,           0.0063865
                  75,            0.031574,            0.010061,                   0,             0.62981,                   1,              0.8931,             0.70758,            0.024474,           0.0049434,                   0,            0.006337,            0.006337,            0.006337
                  76,            0.033639,            0.018431,                   0,             0.62981,                   1,              0.8931,             0.70758,            0.024474,           0.0049434,                   0,           0.0062875,           0.0062875,           0.0062875
                  77,            0.037947,            0.012484,                   0,             0.98042,                   1,               0.995,             0.71035,            0.024742,           0.0048452,                   0,            0.006238,            0.006238,            0.006238
                  78,            0.044946,            0.014128,                   0,             0.98042,                   1,               0.995,             0.71035,            0.024742,           0.0048452,                   0,           0.0061885,           0.0061885,           0.0061885
                  79,            0.040168,            0.014689,                   0,              0.7807,             0.83333,               0.955,             0.78131,            0.026684,           0.0052103,                   0,            0.006139,            0.006139,            0.006139
                  80,             0.04197,             0.01215,                   0,              0.7807,             0.83333,               0.955,             0.78131,            0.026684,           0.0052103,                   0,           0.0060895,           0.0060895,           0.0060895
                  81,            0.045597,            0.010556,                   0,             0.98664,                   1,               0.995,             0.57235,            0.025863,           0.0047894,                   0,             0.00604,             0.00604,             0.00604
                  82,            0.046585,            0.013699,                   0,             0.98664,                   1,               0.995,             0.57235,            0.025863,           0.0047894,                   0,           0.0059905,           0.0059905,           0.0059905
                  83,            0.044665,             0.01192,                   0,             0.63708,             0.88165,             0.91333,              0.7266,            0.022773,           0.0048258,                   0,            0.005941,            0.005941,            0.005941
                  84,            0.044526,            0.013026,                   0,             0.63708,             0.88165,             0.91333,              0.7266,            0.022773,           0.0048258,                   0,           0.0058915,           0.0058915,           0.0058915
                  85,            0.037514,            0.015508,                   0,             0.98569,                   1,               0.995,             0.52701,            0.021439,           0.0046987,                   0,            0.005842,            0.005842,            0.005842
                  86,            0.040099,            0.016008,                   0,             0.98569,                   1,               0.995,             0.52701,            0.021439,           0.0046987,                   0,           0.0057925,           0.0057925,           0.0057925
                  87,            0.037457,            0.010303,                   0,             0.73372,             0.83333,               0.955,             0.59246,            0.022326,           0.0046951,                   0,            0.005743,            0.005743,            0.005743
                  88,            0.030354,             0.01023,                   0,             0.73372,             0.83333,               0.955,             0.59246,            0.022326,           0.0046951,                   0,           0.0056935,           0.0056935,           0.0056935
                  89,            0.039153,           0.0092916,                   0,             0.83854,             0.86979,             0.97214,              0.5386,            0.021757,           0.0045958,                   0,            0.005644,            0.005644,            0.005644
                  90,            0.029585,            0.013847,                   0,             0.83854,             0.86979,             0.97214,              0.5386,            0.021757,           0.0045958,                   0,           0.0055945,           0.0055945,           0.0055945
                  91,             0.03236,            0.012055,                   0,             0.98007,                   1,               0.995,             0.62817,            0.019218,           0.0048071,                   0,            0.005545,            0.005545,            0.005545
                  92,            0.029916,           0.0085473,                   0,             0.98007,                   1,               0.995,             0.62817,            0.019218,           0.0048071,                   0,           0.0054955,           0.0054955,           0.0054955
                  93,             0.03596,            0.013897,                   0,             0.66629,                   1,               0.955,             0.73308,            0.026037,           0.0050968,                   0,            0.005446,            0.005446,            0.005446
                  94,            0.037267,            0.010533,                   0,             0.66629,                   1,               0.955,             0.73308,            0.026037,           0.0050968,                   0,           0.0053965,           0.0053965,           0.0053965
                  95,            0.036196,            0.015122,                   0,              0.5504,             0.83333,             0.62316,               0.319,            0.029729,           0.0049556,                   0,            0.005347,            0.005347,            0.005347
                  96,            0.041556,            0.014459,                   0,              0.5504,             0.83333,             0.62316,               0.319,            0.029729,           0.0049556,                   0,           0.0052975,           0.0052975,           0.0052975
                  97,            0.033267,            0.011489,                   0,             0.67673,                   1,               0.995,             0.67276,             0.02208,           0.0045268,                   0,            0.005248,            0.005248,            0.005248
                  98,             0.02788,           0.0074315,                   0,             0.67673,                   1,               0.995,             0.67276,             0.02208,           0.0045268,                   0,           0.0051985,           0.0051985,           0.0051985
                  99,            0.031184,           0.0098906,                   0,             0.97727,                   1,               0.995,             0.50021,            0.023085,           0.0042518,                   0,            0.005149,            0.005149,            0.005149
                 100,            0.040051,            0.011476,                   0,             0.97727,                   1,               0.995,             0.50021,            0.023085,           0.0042518,                   0,           0.0050995,           0.0050995,           0.0050995
                 101,            0.040428,            0.011961,                   0,             0.84754,                   1,             0.97214,             0.73553,            0.019858,           0.0041383,                   0,             0.00505,             0.00505,             0.00505
                 102,            0.024724,           0.0096305,                   0,             0.84754,                   1,             0.97214,             0.73553,            0.019858,           0.0041383,                   0,           0.0050005,           0.0050005,           0.0050005
                 103,            0.026925,            0.010717,                   0,             0.98839,                   1,               0.995,             0.46039,            0.022818,           0.0038794,                   0,            0.004951,            0.004951,            0.004951
                 104,             0.04029,            0.015783,                   0,             0.98839,                   1,               0.995,             0.46039,            0.022818,           0.0038794,                   0,           0.0049015,           0.0049015,           0.0049015
                 105,             0.02245,            0.007998,                   0,             0.96166,                   1,               0.995,             0.66376,            0.017993,           0.0037144,                   0,            0.004852,            0.004852,            0.004852
                 106,            0.031805,           0.0089174,                   0,             0.96166,                   1,               0.995,             0.66376,            0.017993,           0.0037144,                   0,           0.0048025,           0.0048025,           0.0048025
                 107,            0.032471,            0.012267,                   0,             0.66141,                   1,              0.8931,             0.59598,            0.020439,           0.0038282,                   0,            0.004753,            0.004753,            0.004753
                 108,            0.038255,            0.010896,                   0,             0.66141,                   1,              0.8931,             0.59598,            0.020439,           0.0038282,                   0,           0.0047035,           0.0047035,           0.0047035
                 109,            0.039111,             0.01052,                   0,             0.98873,                   1,               0.995,             0.60856,            0.021531,           0.0040223,                   0,            0.004654,            0.004654,            0.004654
                 110,            0.029618,           0.0082284,                   0,             0.98873,                   1,               0.995,             0.60856,            0.021531,           0.0040223,                   0,           0.0046045,           0.0046045,           0.0046045
                 111,            0.031257,            0.010603,                   0,             0.98909,                   1,               0.995,              0.8127,             0.01881,           0.0037284,                   0,            0.004555,            0.004555,            0.004555
                 112,            0.027691,           0.0098475,                   0,             0.98909,                   1,               0.995,              0.8127,             0.01881,           0.0037284,                   0,           0.0045055,           0.0045055,           0.0045055
                 113,            0.041295,            0.010724,                   0,             0.64126,                   1,               0.885,              0.5219,            0.019238,             0.00401,                   0,            0.004456,            0.004456,            0.004456
                 114,             0.02269,            0.010786,                   0,             0.64126,                   1,               0.885,              0.5219,            0.019238,             0.00401,                   0,           0.0044065,           0.0044065,           0.0044065
                 115,            0.026567,           0.0096808,                   0,             0.98882,                   1,               0.995,             0.80431,            0.012933,           0.0037104,                   0,            0.004357,            0.004357,            0.004357
                 116,            0.037161,           0.0098379,                   0,             0.98882,                   1,               0.995,             0.80431,            0.012933,           0.0037104,                   0,           0.0043075,           0.0043075,           0.0043075
                 117,            0.037348,            0.015011,                   0,              0.9897,                   1,               0.995,             0.68697,            0.015285,           0.0038034,                   0,            0.004258,            0.004258,            0.004258
                 118,            0.022136,           0.0071388,                   0,              0.9897,                   1,               0.995,             0.68697,            0.015285,           0.0038034,                   0,           0.0042085,           0.0042085,           0.0042085
                 119,            0.021576,           0.0097991,                   0,             0.99001,                   1,               0.995,             0.70776,            0.015984,           0.0036469,                   0,            0.004159,            0.004159,            0.004159
                 120,            0.029749,           0.0083944,                   0,             0.99001,                   1,               0.995,             0.70776,            0.015984,           0.0036469,                   0,           0.0041095,           0.0041095,           0.0041095
                 121,            0.025199,            0.011896,                   0,             0.94393,                   1,               0.995,             0.79101,            0.015384,             0.00359,                   0,             0.00406,             0.00406,             0.00406
                 122,            0.033188,           0.0085072,                   0,             0.94393,                   1,               0.995,             0.79101,            0.015384,             0.00359,                   0,           0.0040105,           0.0040105,           0.0040105
                 123,            0.028212,           0.0089005,                   0,             0.99007,                   1,               0.995,             0.75339,            0.017769,           0.0034934,                   0,            0.003961,            0.003961,            0.003961
                 124,            0.031272,           0.0081695,                   0,             0.99007,                   1,               0.995,             0.75339,            0.017769,           0.0034934,                   0,           0.0039115,           0.0039115,           0.0039115
                 125,            0.031619,           0.0081635,                   0,                0.99,                   1,               0.995,             0.76874,            0.014278,           0.0034049,                   0,            0.003862,            0.003862,            0.003862
                 126,            0.028791,            0.010443,                   0,                0.99,                   1,               0.995,             0.76874,            0.014278,           0.0034049,                   0,           0.0038125,           0.0038125,           0.0038125
                 127,            0.027671,           0.0090093,                   0,             0.98994,                   1,               0.995,               0.819,             0.01509,           0.0033477,                   0,            0.003763,            0.003763,            0.003763
                 128,            0.030144,           0.0059181,                   0,             0.98994,                   1,               0.995,               0.819,             0.01509,           0.0033477,                   0,           0.0037135,           0.0037135,           0.0037135
                 129,            0.029446,           0.0088399,                   0,             0.88461,                   1,               0.995,              0.6608,            0.019117,           0.0035169,                   0,            0.003664,            0.003664,            0.003664
                 130,            0.030069,           0.0098458,                   0,             0.88461,                   1,               0.995,              0.6608,            0.019117,           0.0035169,                   0,           0.0036145,           0.0036145,           0.0036145
                 131,            0.024286,           0.0083067,                   0,              0.9904,                   1,               0.995,             0.77161,            0.014141,            0.003313,                   0,            0.003565,            0.003565,            0.003565
                 132,            0.032231,            0.011475,                   0,              0.9904,                   1,               0.995,             0.77161,            0.014141,            0.003313,                   0,           0.0035155,           0.0035155,           0.0035155
                 133,            0.025928,            0.007198,                   0,             0.99069,                   1,               0.995,             0.68625,            0.020946,           0.0033537,                   0,            0.003466,            0.003466,            0.003466
                 134,            0.039084,            0.010138,                   0,             0.99069,                   1,               0.995,             0.68625,            0.020946,           0.0033537,                   0,           0.0034165,           0.0034165,           0.0034165
                 135,            0.027649,           0.0094466,                   0,             0.99093,                   1,               0.995,             0.82116,            0.013896,           0.0033357,                   0,            0.003367,            0.003367,            0.003367
                 136,            0.036158,            0.010372,                   0,             0.99093,                   1,               0.995,             0.82116,            0.013896,           0.0033357,                   0,           0.0033175,           0.0033175,           0.0033175
                 137,            0.031135,           0.0080065,                   0,             0.99095,                   1,               0.995,              0.7004,            0.015665,            0.003402,                   0,            0.003268,            0.003268,            0.003268
                 138,               0.022,           0.0067762,                   0,             0.99095,                   1,               0.995,              0.7004,            0.015665,            0.003402,                   0,           0.0032185,           0.0032185,           0.0032185
                 139,             0.03563,           0.0094256,                   0,             0.99105,                   1,               0.995,             0.85299,            0.013411,           0.0032209,                   0,            0.003169,            0.003169,            0.003169
                 140,            0.023606,            0.006582,                   0,             0.99105,                   1,               0.995,             0.85299,            0.013411,           0.0032209,                   0,           0.0031195,           0.0031195,           0.0031195
                 141,            0.023922,           0.0086106,                   0,             0.99099,                   1,               0.995,             0.66109,            0.017867,           0.0035294,                   0,             0.00307,             0.00307,             0.00307
                 142,            0.041595,            0.012274,                   0,             0.99099,                   1,               0.995,             0.66109,            0.017867,           0.0035294,                   0,           0.0030205,           0.0030205,           0.0030205
                 143,            0.037136,            0.011266,                   0,             0.99085,                   1,               0.995,             0.86958,            0.012839,           0.0033231,                   0,            0.002971,            0.002971,            0.002971
                 144,            0.035472,            0.010324,                   0,             0.99085,                   1,               0.995,             0.86958,            0.012839,           0.0033231,                   0,           0.0029215,           0.0029215,           0.0029215
                 145,            0.028992,             0.01016,                   0,             0.99089,                   1,               0.995,             0.80256,            0.013166,           0.0033241,                   0,            0.002872,            0.002872,            0.002872
                 146,            0.032075,           0.0074348,                   0,             0.99089,                   1,               0.995,             0.80256,            0.013166,           0.0033241,                   0,           0.0028225,           0.0028225,           0.0028225
                 147,            0.037592,           0.0095476,                   0,             0.99086,                   1,               0.995,             0.70307,            0.015159,           0.0033768,                   0,            0.002773,            0.002773,            0.002773
                 148,            0.032683,            0.011836,                   0,             0.99086,                   1,               0.995,             0.70307,            0.015159,           0.0033768,                   0,           0.0027235,           0.0027235,           0.0027235
                 149,            0.034448,            0.010071,                   0,             0.99088,                   1,               0.995,             0.75227,            0.014099,           0.0033808,                   0,            0.002674,            0.002674,            0.002674
                 150,            0.037558,            0.008689,                   0,             0.99088,                   1,               0.995,             0.75227,            0.014099,           0.0033808,                   0,           0.0026245,           0.0026245,           0.0026245
                 151,            0.029131,           0.0075966,                   0,             0.99109,                   1,               0.995,             0.81833,            0.017108,           0.0033087,                   0,            0.002575,            0.002575,            0.002575
                 152,             0.03314,            0.010427,                   0,             0.99109,                   1,               0.995,             0.81833,            0.017108,           0.0033087,                   0,           0.0025255,           0.0025255,           0.0025255
                 153,            0.028235,            0.011596,                   0,             0.99114,                   1,               0.995,             0.74936,            0.015257,           0.0033632,                   0,            0.002476,            0.002476,            0.002476
                 154,            0.023444,            0.012091,                   0,             0.99114,                   1,               0.995,             0.74936,            0.015257,           0.0033632,                   0,           0.0024265,           0.0024265,           0.0024265
                 155,            0.031939,            0.010311,                   0,             0.99117,                   1,               0.995,             0.79678,            0.014836,           0.0032198,                   0,            0.002377,            0.002377,            0.002377
                 156,              0.0243,           0.0094079,                   0,             0.99117,                   1,               0.995,             0.79678,            0.014836,           0.0032198,                   0,           0.0023275,           0.0023275,           0.0023275
                 157,            0.020688,           0.0085059,                   0,             0.99111,                   1,               0.995,              0.7551,             0.01407,           0.0032091,                   0,            0.002278,            0.002278,            0.002278
                 158,            0.025333,           0.0086562,                   0,             0.99111,                   1,               0.995,              0.7551,             0.01407,           0.0032091,                   0,           0.0022285,           0.0022285,           0.0022285
                 159,             0.03086,           0.0071507,                   0,             0.99107,                   1,               0.995,             0.74674,            0.012562,           0.0031631,                   0,            0.002179,            0.002179,            0.002179
                 160,            0.036699,           0.0087287,                   0,             0.99107,                   1,               0.995,             0.74674,            0.012562,           0.0031631,                   0,           0.0021295,           0.0021295,           0.0021295
                 161,             0.02043,           0.0091418,                   0,             0.99112,                   1,               0.995,              0.7392,            0.014519,           0.0031406,                   0,             0.00208,             0.00208,             0.00208
                 162,            0.024313,           0.0093516,                   0,             0.99112,                   1,               0.995,              0.7392,            0.014519,           0.0031406,                   0,           0.0020305,           0.0020305,           0.0020305
                 163,            0.021389,           0.0071992,                   0,             0.99116,                   1,               0.995,             0.72784,            0.013685,           0.0031674,                   0,            0.001981,            0.001981,            0.001981
                 164,            0.025908,            0.010376,                   0,             0.99116,                   1,               0.995,             0.72784,            0.013685,           0.0031674,                   0,           0.0019315,           0.0019315,           0.0019315
                 165,            0.026159,           0.0066005,                   0,             0.99128,                   1,               0.995,             0.68979,            0.013093,           0.0031343,                   0,            0.001882,            0.001882,            0.001882
                 166,            0.029107,           0.0080485,                   0,             0.99128,                   1,               0.995,             0.68979,            0.013093,           0.0031343,                   0,           0.0018325,           0.0018325,           0.0018325
                 167,            0.013159,           0.0049111,                   0,             0.99139,                   1,               0.995,             0.72787,            0.012657,           0.0030996,                   0,            0.001783,            0.001783,            0.001783
                 168,            0.027598,            0.011042,                   0,             0.99139,                   1,               0.995,             0.72787,            0.012657,           0.0030996,                   0,           0.0017335,           0.0017335,           0.0017335
                 169,            0.022175,           0.0081595,                   0,             0.99124,                   1,               0.995,             0.74738,            0.011648,            0.003019,                   0,            0.001684,            0.001684,            0.001684
                 170,            0.023554,             0.01122,                   0,             0.99124,                   1,               0.995,             0.74738,            0.011648,            0.003019,                   0,           0.0016345,           0.0016345,           0.0016345
                 171,            0.023466,           0.0097032,                   0,              0.9913,                   1,               0.995,             0.79398,            0.011319,           0.0029992,                   0,            0.001585,            0.001585,            0.001585
                 172,             0.02196,           0.0087917,                   0,              0.9913,                   1,               0.995,             0.79398,            0.011319,           0.0029992,                   0,           0.0015355,           0.0015355,           0.0015355
                 173,            0.022634,            0.010938,                   0,             0.99117,                   1,               0.995,             0.77462,            0.011348,           0.0030152,                   0,            0.001486,            0.001486,            0.001486
                 174,            0.027525,            0.010562,                   0,             0.99117,                   1,               0.995,             0.77462,            0.011348,           0.0030152,                   0,           0.0014365,           0.0014365,           0.0014365
                 175,             0.02392,            0.010903,                   0,             0.99124,                   1,               0.995,             0.77463,            0.011413,           0.0030403,                   0,            0.001387,            0.001387,            0.001387
                 176,            0.021919,           0.0066712,                   0,             0.99124,                   1,               0.995,             0.77463,            0.011413,           0.0030403,                   0,           0.0013375,           0.0013375,           0.0013375
                 177,            0.017784,           0.0081515,                   0,             0.99136,                   1,               0.995,             0.81624,            0.010804,            0.003053,                   0,            0.001288,            0.001288,            0.001288
                 178,            0.031254,            0.007475,                   0,             0.99136,                   1,               0.995,             0.81624,            0.010804,            0.003053,                   0,           0.0012385,           0.0012385,           0.0012385
                 179,            0.030502,           0.0078553,                   0,             0.99143,                   1,               0.995,             0.77538,            0.012591,            0.003119,                   0,            0.001189,            0.001189,            0.001189
                 180,            0.025751,           0.0064705,                   0,             0.99143,                   1,               0.995,             0.77538,            0.012591,            0.003119,                   0,           0.0011395,           0.0011395,           0.0011395
                 181,            0.023627,           0.0069393,                   0,             0.99139,                   1,               0.995,             0.70166,            0.012826,           0.0032058,                   0,             0.00109,             0.00109,             0.00109
                 182,            0.016266,           0.0075951,                   0,             0.99139,                   1,               0.995,             0.70166,            0.012826,           0.0032058,                   0,           0.0010405,           0.0010405,           0.0010405
                 183,            0.018506,            0.007084,                   0,             0.99135,                   1,               0.995,             0.74492,              0.0114,           0.0031294,                   0,            0.000991,            0.000991,            0.000991
                 184,            0.028532,            0.010687,                   0,             0.99135,                   1,               0.995,             0.74492,              0.0114,           0.0031294,                   0,           0.0009415,           0.0009415,           0.0009415
                 185,            0.023932,            0.010607,                   0,             0.99124,                   1,               0.995,             0.74489,            0.011409,           0.0030952,                   0,            0.000892,            0.000892,            0.000892
                 186,            0.023991,           0.0098755,                   0,             0.99124,                   1,               0.995,             0.74489,            0.011409,           0.0030952,                   0,           0.0008425,           0.0008425,           0.0008425
                 187,            0.023102,           0.0083688,                   0,             0.99134,                   1,               0.995,             0.74489,            0.012141,           0.0031757,                   0,            0.000793,            0.000793,            0.000793
                 188,            0.025527,           0.0065211,                   0,             0.99134,                   1,               0.995,             0.74489,            0.012141,           0.0031757,                   0,           0.0007435,           0.0007435,           0.0007435
                 189,            0.026383,            0.013057,                   0,             0.99116,                   1,               0.995,             0.73666,            0.011164,           0.0031251,                   0,            0.000694,            0.000694,            0.000694
                 190,            0.026163,           0.0063224,                   0,             0.99116,                   1,               0.995,             0.73666,            0.011164,           0.0031251,                   0,           0.0006445,           0.0006445,           0.0006445
                 191,              0.0194,           0.0092972,                   0,             0.99117,                   1,               0.995,             0.75534,            0.010996,            0.003131,                   0,            0.000595,            0.000595,            0.000595
                 192,            0.026828,           0.0083891,                   0,             0.99117,                   1,               0.995,             0.75534,            0.010996,            0.003131,                   0,           0.0005455,           0.0005455,           0.0005455
                 193,            0.019608,           0.0065482,                   0,             0.99115,                   1,               0.995,             0.73664,            0.011128,           0.0031417,                   0,            0.000496,            0.000496,            0.000496
                 194,             0.01545,           0.0089265,                   0,             0.99115,                   1,               0.995,             0.73664,            0.011128,           0.0031417,                   0,           0.0004465,           0.0004465,           0.0004465
                 195,            0.025254,            0.009842,                   0,             0.99108,                   1,               0.995,              0.7366,             0.01171,           0.0031545,                   0,            0.000397,            0.000397,            0.000397
                 196,            0.031085,           0.0098552,                   0,             0.99108,                   1,               0.995,              0.7366,             0.01171,           0.0031545,                   0,           0.0003475,           0.0003475,           0.0003475
                 197,            0.022369,           0.0082432,                   0,             0.99118,                   1,               0.995,             0.73661,            0.012072,           0.0031527,                   0,            0.000298,            0.000298,            0.000298
                 198,            0.028666,            0.013105,                   0,             0.99118,                   1,               0.995,             0.73661,            0.012072,           0.0031527,                   0,           0.0002485,           0.0002485,           0.0002485
                 199,            0.020532,           0.0078155,                   0,             0.99109,                   1,               0.995,             0.73378,            0.012246,           0.0031504,                   0,            0.000199,            0.000199,            0.000199
                   0,             0.12168,            0.036007,            0.027231,                   0,                   0,                   0,                   0,             0.12296,            0.030302,            0.028359,              0.0991,              0.0001,              0.0001
                   1,             0.11789,            0.032497,            0.029547,          0.00073746,            0.083333,          0.00044463,          0.00026678,             0.12135,             0.02998,            0.027996,            0.097294,          0.00029406,          0.00029406
                   2,             0.11929,              0.0359,            0.026897,          0.00074516,            0.083333,          0.00049383,           0.0002963,             0.11809,            0.029798,            0.027297,             0.09548,           0.0004802,           0.0004802
                   3,             0.11626,            0.034166,             0.02618,           0.0016877,             0.16667,           0.0020841,          0.00067735,             0.11366,            0.029706,            0.026395,            0.093658,          0.00065842,          0.00065842
                   4,             0.11122,             0.03353,            0.025763,           0.0024411,                0.25,           0.0028692,           0.0010408,             0.10782,            0.029717,             0.02504,            0.091829,          0.00082872,          0.00082872
                   5,              0.1057,            0.034964,            0.025379,           0.0034101,             0.41667,           0.0031957,           0.0012236,             0.10111,            0.029983,            0.023515,            0.089991,           0.0009911,           0.0009911
                   6,              0.1076,            0.039938,            0.025319,           0.0046427,             0.58333,            0.006168,           0.0013954,             0.09548,             0.03008,            0.021781,            0.088146,           0.0011456,           0.0011456
                   7,             0.10231,            0.035436,             0.02341,            0.004727,             0.58333,           0.0070788,           0.0020152,            0.091748,            0.029852,            0.019967,            0.086292,           0.0012921,           0.0012921
                   8,            0.096559,             0.03389,            0.019982,           0.0053544,             0.66667,            0.011959,           0.0026745,            0.089384,            0.029811,            0.018809,            0.084431,           0.0014307,           0.0014307
                   9,             0.09355,            0.031268,             0.01866,           0.0050231,                0.75,             0.01347,           0.0031592,            0.086125,            0.030014,            0.017848,            0.082561,           0.0015614,           0.0015614
                  10,            0.094896,            0.039533,            0.020639,           0.0050123,                0.75,            0.025596,           0.0057525,            0.084607,            0.029793,            0.016715,            0.080684,           0.0016842,           0.0016842
                  11,            0.092708,            0.038818,            0.019816,           0.0055439,             0.83333,            0.038516,            0.011894,            0.082811,            0.029393,            0.015511,            0.078799,           0.0017991,           0.0017991
                  12,            0.092109,            0.038722,            0.018958,           0.0055386,             0.83333,            0.068387,            0.024029,             0.08112,            0.029042,            0.014311,            0.076906,            0.001906,            0.001906
                  13,            0.088462,              0.0376,             0.01782,           0.0055199,             0.83333,              0.1517,             0.05572,            0.079546,            0.028687,            0.013475,            0.075005,            0.002005,            0.002005
                  14,            0.090146,            0.047721,            0.017015,           0.0055185,             0.83333,             0.31829,             0.11321,            0.077377,            0.028529,            0.012429,            0.073096,           0.0020961,           0.0020961
                  15,            0.086346,            0.038478,            0.015532,             0.14774,             0.66667,             0.45278,             0.16763,            0.076641,            0.027863,            0.011445,            0.071179,           0.0021793,           0.0021793
                  16,            0.081553,            0.038463,             0.01501,             0.24649,             0.66667,             0.54162,             0.18926,            0.073719,            0.027848,            0.010462,            0.069255,           0.0022546,           0.0022546
                  17,             0.07146,            0.037378,            0.011869,             0.32291,             0.58333,             0.56342,             0.21712,            0.071161,            0.027634,           0.0094134,            0.067322,           0.0023219,           0.0023219
                  18,             0.07276,            0.029896,            0.010755,             0.42185,             0.49085,             0.59718,             0.24653,            0.069942,            0.027111,           0.0081786,            0.065381,           0.0023813,           0.0023813
                  19,            0.078873,            0.036276,            0.012281,             0.50974,                 0.5,             0.60678,             0.27045,            0.068678,            0.026434,           0.0072813,            0.063433,           0.0024328,           0.0024328
                  20,            0.076844,            0.045448,            0.010788,             0.51857,                 0.5,             0.62526,             0.26062,            0.066297,            0.026045,           0.0063629,            0.061476,           0.0024764,           0.0024764
                  21,            0.075211,            0.037023,            0.011454,             0.58257,             0.58114,             0.70386,             0.28802,            0.065987,            0.025046,           0.0056159,            0.059512,           0.0025121,           0.0025121
                  22,            0.070291,            0.041088,            0.010067,             0.66748,             0.56584,             0.73802,             0.32382,            0.066295,            0.023933,           0.0048395,             0.05754,           0.0025398,           0.0025398
                  23,            0.071603,            0.036859,           0.0085987,             0.68985,             0.74163,             0.75795,             0.31987,            0.061842,            0.023397,           0.0041964,             0.05556,           0.0025596,           0.0025596
                  24,            0.065791,            0.036745,           0.0067477,             0.60276,             0.66837,             0.68944,             0.28244,            0.064287,            0.021992,           0.0036766,            0.053572,           0.0025715,           0.0025715
                  25,            0.067951,            0.033402,           0.0073684,             0.67198,             0.58333,             0.64915,             0.28008,            0.069212,            0.021323,           0.0032411,            0.051576,           0.0025755,           0.0025755
                  26,            0.072351,            0.030448,           0.0074501,             0.46247,                0.75,              0.6229,             0.31843,            0.061806,            0.021062,            0.002993,            0.049572,           0.0025716,           0.0025716
                  27,            0.067167,             0.03633,           0.0071678,             0.46247,                0.75,              0.6229,             0.31843,            0.061806,            0.021062,            0.002993,             0.04756,           0.0025597,           0.0025597
                  28,            0.063828,            0.023325,           0.0054658,             0.81378,             0.60043,             0.79519,             0.39379,            0.065521,            0.020042,           0.0027682,             0.04554,           0.0025399,           0.0025399
                  29,            0.072193,            0.027217,           0.0089779,             0.73784,             0.66667,             0.75175,             0.34333,            0.066813,            0.019444,           0.0025489,            0.043512,           0.0025122,           0.0025122
                  30,            0.066298,            0.028071,           0.0057505,             0.73784,             0.66667,             0.75175,             0.34333,            0.066813,            0.019444,           0.0025489,            0.041477,           0.0024766,           0.0024766
                  31,            0.063862,            0.027577,            0.005561,               0.703,             0.66667,             0.78421,              0.3757,            0.065049,             0.01905,           0.0024309,            0.039433,           0.0024331,           0.0024331
                  32,            0.064859,            0.032548,           0.0064655,             0.81709,             0.66667,             0.83327,              0.4369,            0.062806,            0.018881,           0.0023087,            0.037382,           0.0023816,           0.0023816
                  33,            0.060884,            0.031827,           0.0063009,             0.81709,             0.66667,             0.83327,              0.4369,            0.062806,            0.018881,           0.0023087,            0.035322,           0.0023222,           0.0023222
                  34,            0.063601,            0.036805,           0.0059302,             0.84896,              0.6609,             0.79429,             0.40211,            0.056597,            0.018856,           0.0022675,            0.033255,           0.0022549,           0.0022549
                  35,            0.056906,            0.027786,           0.0040934,             0.63255,             0.62651,             0.66557,             0.39987,            0.058442,            0.018651,            0.002152,             0.03118,           0.0021797,           0.0021797
                  36,              0.0572,            0.027361,           0.0035135,             0.63255,             0.62651,             0.66557,             0.39987,            0.058442,            0.018651,            0.002152,            0.029097,           0.0020966,           0.0020966
                  37,            0.059984,            0.026592,           0.0046111,             0.88246,             0.56761,              0.8042,             0.39289,             0.06048,            0.018284,           0.0020762,            0.027006,           0.0020055,           0.0020055
                  38,            0.064684,            0.030328,           0.0042762,             0.56816,             0.83333,             0.73228,             0.34406,            0.053484,             0.01817,           0.0019962,            0.024907,           0.0019065,           0.0019065
                  39,            0.055523,              0.0259,           0.0042446,             0.56816,             0.83333,             0.73228,             0.34406,            0.053484,             0.01817,           0.0019962,              0.0228,           0.0017996,           0.0017996
                  40,            0.054499,            0.030501,           0.0040166,             0.46868,             0.83333,             0.66544,              0.3324,            0.059721,            0.017815,           0.0019265,            0.020685,           0.0016848,           0.0016848
                  41,            0.060711,            0.028849,           0.0044186,             0.59883,             0.83333,             0.76115,             0.40838,            0.052864,            0.017534,           0.0018814,            0.018562,           0.0015621,           0.0015621
                  42,            0.054537,            0.032933,           0.0047447,             0.59883,             0.83333,             0.76115,             0.40838,            0.052864,            0.017534,           0.0018814,            0.016431,           0.0014314,           0.0014314
                  43,            0.053824,            0.026979,           0.0056815,             0.55925,             0.83333,              0.7224,             0.31331,            0.055583,            0.017279,           0.0018807,            0.014293,           0.0012928,           0.0012928
                  44,            0.050238,            0.023741,           0.0038253,             0.55925,             0.83333,              0.7224,             0.31331,            0.055583,            0.017279,           0.0018807,            0.012146,           0.0011463,           0.0011463
                  45,            0.052983,            0.026628,           0.0040714,             0.67791,             0.83333,             0.77059,              0.4896,            0.049177,            0.017105,           0.0018742,           0.0099919,           0.0009919,           0.0009919
                  46,            0.052719,            0.025523,           0.0044128,             0.67791,             0.83333,             0.77059,              0.4896,            0.049177,            0.017105,           0.0018742,           0.0078296,          0.00082956,          0.00082956
                  47,             0.04745,            0.025078,           0.0028473,             0.68552,             0.83333,             0.80327,             0.47012,            0.050786,            0.016765,           0.0018811,           0.0056593,           0.0006593,           0.0006593
                  48,             0.04805,             0.02569,           0.0033687,             0.68552,             0.83333,             0.80327,             0.47012,            0.050786,            0.016765,           0.0018811,           0.0034811,          0.00048112,          0.00048112
                  49,            0.050807,            0.029542,           0.0030904,             0.72877,             0.83333,             0.81137,             0.51422,             0.04833,            0.016665,           0.0019337,            0.001295,          0.00029502,          0.00029502
